{
    "$schema": "https://schema.management.azure.com/schemas/2015-01-01/deploymentParameters.json#",
    "contentVersion": "1.0.0.0",
    "parameters": {
        "subscriptions_60d73b0e2b87dc004e070001_displayName": {
            "value": null
        },
        "subscriptions_60d73b0f2b87dc004e070002_displayName": {
            "value": null
        },
        "users_1_lastName": {
            "value": null
        },
        "vulnerabilityAssessments_Default_storageContainerPath": {
            "value": null
        },
        "sites_lgapp1_name": {
            "value": null
        },
        "sites_lgapp2_name": {
            "value": null
        },
        "sites_funAzuregl007_name": {
            "value": null
        },
        "servers_sqlserversan_name": {
            "value": null
        },
        "service_apims1_name": {
            "value": null
        },
        "components_funAzuregl007_name": {
            "value": null
        },
        "virtualMachines_ubuntusample_name": {
            "value": null
        },
        "components_san_app_insights_name": {
            "value": null
        },
        "serverfarms_ASP_Regroup9ieb_8584_name": {
            "value": null
        },
        "serverfarms_ASP_Regroup9ieb_b94c_name": {
            "value": null
        },
        "serverfarms_ASP_Regroup9ieb_bc73_name": {
            "value": null
        },
        "sshPublicKeys_ubuntusample_key_name": {
            "value": null
        },
        "networkInterfaces_ubuntusample748_name": {
            "value": null
        },
        "publicIPAddresses_ubuntusample_ip_name": {
            "value": null
        },
        "virtualNetworks_Regroup_9ieb_vnet_name": {
            "value": null
        },
        "workspaces_loganalyticsgl_name": {
            "value": null
        },
        "networkSecurityGroups_ubuntusample_nsg_name": {
            "value": null
        },
        "storageAccounts_storageaccountregro82e1_name": {
            "value": null
        },
        "storageAccounts_storageaccountregroaf3c_name": {
            "value": null
        },
        "storageAccounts_storageaccountregrob890_name": {
            "value": null
        },
        "storageAccounts_storageaccounttest01san_name": {
            "value": null
        },
        "workspaces_sampleloganalytics_name": {
            "value": null
        },
        "actionGroups_Application_Insights_Smart_Detection_name": {
            "value": null
        },
        "solutions_VMInsights_sampleloganalytics__name": {
            "value": null
        },
        "smartdetectoralertrules_failure_anomalies___funazuregl007_name": {
            "value": null
        },
        "smartdetectoralertrules_failure_anomalies___san_app_insights_name": {
            "value": null
        }
    }
}